"Status","Start Time","Stop Time","Duration in ms","Parent Suite","Suite","Sub Suite","Test Class","Test Method","Name","Description"
"broken","Mon Aug 17 17:09:12 UTC 2026","Mon Aug 17 17:09:42 UTC 2026","30001","tests","test_Result","","","","test_validateTheResultTitle[chromium]",""
"failed","Mon Aug 17 17:08:37 UTC 2026","Mon Aug 17 17:08:42 UTC 2026","5004","tests","test_Home","","","","test_validateVisibilityOnCarticonReturnsAndOrdersSigin[chromium]",""
"broken","Mon Aug 17 17:08:42 UTC 2026","Mon Aug 17 17:09:12 UTC 2026","30002","tests","test_shoppingCart","","","","test_valiadteCartItems[chromium]",""
"broken","Mon Aug 17 17:08:47 UTC 2026","Mon Aug 17 17:09:17 UTC 2026","30002","tests","test_Result","","","","test_searchProduct[chromium]",""
"failed","Mon Aug 17 17:08:37 UTC 2026","Mon Aug 17 17:08:47 UTC 2026","10014","tests","test_Home","","","","test_validatePageComponents[chromium]",""
"failed","Mon Aug 17 17:08:37 UTC 2026","Mon Aug 17 17:08:42 UTC 2026","5002","tests","test_Home","","","","test_validateHeaders[chromium]",""
"failed","Mon Aug 17 17:08:37 UTC 2026","Mon Aug 17 17:08:42 UTC 2026","5014","tests","test_Home","","","","test_validateLogoAndSearch[chromium]",""
"broken","Mon Aug 17 17:08:38 UTC 2026","Mon Aug 17 17:09:11 UTC 2026","33613","tests","test_Addtocart","","","","test_add_to_cart_book[chromium]",""
"failed","Mon Aug 17 17:08:37 UTC 2026","Mon Aug 17 17:08:42 UTC 2026","5003","tests","test_Login","","","","test_validate_Authentication[chromium]",""
